,t5_10qj6b,t5_12v94g,t5_1b9104,t5_291gty,t5_2oxzzp,t5_2qh2s,t5_2qh2v,t5_2qh3p,t5_2qh4i,t5_2qh6c,t5_2qhds,t5_2qhek,t5_2qhff,t5_2qho4,t5_2qhvo,t5_2qhw9,t5_2qknd,t5_2qky2,t5_2qlk4,t5_2qlxw,t5_2qnkr,t5_2qqbz,t5_2qstm,t5_2r05i,t5_2r8c5,t5_2rawz,t5_2rbdu,t5_2rff0,t5_2rfq3,t5_2rnve,t5_2rsu8,t5_2rwpt,t5_2s3dh,t5_2sdk8,t5_2sokd,t5_2sqqh,t5_2te6p,t5_2tny5,t5_2v7zr,t5_2vjre,t5_2vq0w,t5_2w2s8,t5_2wcd0,t5_2we2n,t5_2xhvq,t5_30jzq,t5_3560n,t5_38p8s,t5_39us7,t5_3a3ge,t5_3cr3o,t5_3d4x4,t5_3h47q,t5_3noa4,t5_3onkg,t5_hcycg
t5_10qj6b,0.0,0.11224489795918367,0.10204081632653061,0.17346938775510204,0.061224489795918366,0.10204081632653061,0.1326530612244898,0.10204081632653061,0.10204081632653061,0.09183673469387756,0.08163265306122448,0.19387755102040816,0.25510204081632654,0.12244897959183673,0.061224489795918366,0.08163265306122448,0.12244897959183673,0.08163265306122448,0.09183673469387756,0.09183673469387756,0.08163265306122448,0.12244897959183673,0.09183673469387756,0.05102040816326531,0.10204081632653061,0.1836734693877551,0.17346938775510204,0.1836734693877551,0.17346938775510204,0.1326530612244898,0.1326530612244898,0.061224489795918366,0.07142857142857142,0.12244897959183673,0.05102040816326531,0.07142857142857142,0.14285714285714285,0.09183673469387756,0.10204081632653061,0.07142857142857142,0.1326530612244898,0.11224489795918367,0.15306122448979592,0.08163265306122448,0.04081632653061224,0.061224489795918366,0.16326530612244897,0.25510204081632654,0.08163265306122448,0.07142857142857142,0.05102040816326531,0.05102040816326531,0.10204081632653061,0.061224489795918366,0.08163265306122448,0.10204081632653061
t5_12v94g,0.11224489795918367,0.0,0.09183673469387756,0.14285714285714285,0.11224489795918367,0.11224489795918367,0.14285714285714285,0.11224489795918367,0.11224489795918367,0.12244897959183673,0.09183673469387756,0.12244897959183673,0.1836734693877551,0.11224489795918367,0.1326530612244898,0.05102040816326531,0.1326530612244898,0.09183673469387756,0.12244897959183673,0.12244897959183673,0.1326530612244898,0.11224489795918367,0.08163265306122448,0.10204081632653061,0.09183673469387756,0.15306122448979592,0.14285714285714285,0.11224489795918367,0.14285714285714285,0.10204081632653061,0.16326530612244897,0.11224489795918367,0.10204081632653061,0.09183673469387756,0.12244897959183673,0.10204081632653061,0.15306122448979592,0.10204081632653061,0.1326530612244898,0.16326530612244897,0.14285714285714285,0.10204081632653061,0.10204081632653061,0.09183673469387756,0.1326530612244898,0.09183673469387756,0.11224489795918367,0.14285714285714285,0.07142857142857142,0.12244897959183673,0.10204081632653061,0.14285714285714285,0.11224489795918367,0.11224489795918367,0.09183673469387756,0.09183673469387756
t5_1b9104,0.10204081632653061,0.09183673469387756,0.0,0.1326530612244898,0.08163265306122448,0.061224489795918366,0.11224489795918367,0.12244897959183673,0.061224489795918366,0.11224489795918367,0.10204081632653061,0.17346938775510204,0.17346938775510204,0.12244897959183673,0.10204081632653061,0.061224489795918366,0.10204081632653061,0.10204081632653061,0.09183673469387756,0.11224489795918367,0.08163265306122448,0.10204081632653061,0.05102040816326531,0.09183673469387756,0.04081632653061224,0.16326530612244897,0.1326530612244898,0.10204081632653061,0.15306122448979592,0.09183673469387756,0.11224489795918367,0.08163265306122448,0.07142857142857142,0.08163265306122448,0.07142857142857142,0.05102040816326531,0.12244897959183673,0.07142857142857142,0.10204081632653061,0.09183673469387756,0.09183673469387756,0.07142857142857142,0.09183673469387756,0.08163265306122448,0.08163265306122448,0.061224489795918366,0.10204081632653061,0.19387755102040816,0.061224489795918366,0.07142857142857142,0.07142857142857142,0.11224489795918367,0.061224489795918366,0.08163265306122448,0.061224489795918366,0.04081632653061224
t5_291gty,0.17346938775510204,0.14285714285714285,0.1326530612244898,0.0,0.19387755102040816,0.17346938775510204,0.16326530612244897,0.19387755102040816,0.15306122448979592,0.1836734693877551,0.17346938775510204,0.14285714285714285,0.12244897959183673,0.19387755102040816,0.15306122448979592,0.1326530612244898,0.19387755102040816,0.17346938775510204,0.14285714285714285,0.20408163265306123,0.17346938775510204,0.15306122448979592,0.14285714285714285,0.16326530612244897,0.1326530612244898,0.09183673469387756,0.1836734693877551,0.15306122448979592,0.14285714285714285,0.08163265306122448,0.20408163265306123,0.15306122448979592,0.14285714285714285,0.15306122448979592,0.12244897959183673,0.14285714285714285,0.23469387755102042,0.16326530612244897,0.19387755102040816,0.16326530612244897,0.16326530612244897,0.1836734693877551,0.12244897959183673,0.1326530612244898,0.17346938775510204,0.15306122448979592,0.15306122448979592,0.10204081632653061,0.15306122448979592,0.1836734693877551,0.16326530612244897,0.20408163265306123,0.1326530612244898,0.17346938775510204,0.11224489795918367,0.15306122448979592
t5_2oxzzp,0.061224489795918366,0.11224489795918367,0.08163265306122448,0.19387755102040816,0.0,0.08163265306122448,0.11224489795918367,0.10204081632653061,0.061224489795918366,0.15306122448979592,0.10204081632653061,0.19387755102040816,0.25510204081632654,0.16326530612244897,0.12244897959183673,0.08163265306122448,0.12244897959183673,0.10204081632653061,0.11224489795918367,0.1326530612244898,0.10204081632653061,0.12244897959183673,0.09183673469387756,0.09183673469387756,0.10204081632653061,0.14285714285714285,0.17346938775510204,0.16326530612244897,0.19387755102040816,0.15306122448979592,0.15306122448979592,0.08163265306122448,0.11224489795918367,0.10204081632653061,0.09183673469387756,0.09183673469387756,0.16326530612244897,0.09183673469387756,0.14285714285714285,0.11224489795918367,0.11224489795918367,0.11224489795918367,0.1326530612244898,0.10204081632653061,0.10204081632653061,0.10204081632653061,0.14285714285714285,0.23469387755102042,0.08163265306122448,0.09183673469387756,0.07142857142857142,0.09183673469387756,0.10204081632653061,0.08163265306122448,0.12244897959183673,0.08163265306122448
t5_2qh2s,0.10204081632653061,0.11224489795918367,0.061224489795918366,0.17346938775510204,0.08163265306122448,0.0,0.09183673469387756,0.08163265306122448,0.10204081632653061,0.15306122448979592,0.10204081632653061,0.17346938775510204,0.21428571428571427,0.12244897959183673,0.10204081632653061,0.08163265306122448,0.08163265306122448,0.10204081632653061,0.09183673469387756,0.09183673469387756,0.061224489795918366,0.12244897959183673,0.05102040816326531,0.11224489795918367,0.061224489795918366,0.16326530612244897,0.1326530612244898,0.14285714285714285,0.15306122448979592,0.1326530612244898,0.11224489795918367,0.061224489795918366,0.11224489795918367,0.10204081632653061,0.09183673469387756,0.07142857142857142,0.12244897959183673,0.05102040816326531,0.10204081632653061,0.1326530612244898,0.11224489795918367,0.11224489795918367,0.1326530612244898,0.08163265306122448,0.08163265306122448,0.061224489795918366,0.12244897959183673,0.23469387755102042,0.061224489795918366,0.07142857142857142,0.05102040816326531,0.09183673469387756,0.08163265306122448,0.061224489795918366,0.08163265306122448,0.08163265306122448
t5_2qh2v,0.1326530612244898,0.14285714285714285,0.11224489795918367,0.16326530612244897,0.11224489795918367,0.09183673469387756,0.0,0.07142857142857142,0.11224489795918367,0.12244897959183673,0.11224489795918367,0.1836734693877551,0.22448979591836735,0.15306122448979592,0.1326530612244898,0.11224489795918367,0.11224489795918367,0.1326530612244898,0.12244897959183673,0.12244897959183673,0.11224489795918367,0.15306122448979592,0.12244897959183673,0.12244897959183673,0.11224489795918367,0.1326530612244898,0.20408163265306123,0.1326530612244898,0.16326530612244897,0.12244897959183673,0.12244897959183673,0.07142857142857142,0.12244897959183673,0.11224489795918367,0.10204081632653061,0.12244897959183673,0.21428571428571427,0.08163265306122448,0.1326530612244898,0.1836734693877551,0.14285714285714285,0.12244897959183673,0.14285714285714285,0.11224489795918367,0.09183673469387756,0.11224489795918367,0.17346938775510204,0.20408163265306123,0.09183673469387756,0.12244897959183673,0.08163265306122448,0.08163265306122448,0.1326530612244898,0.11224489795918367,0.11224489795918367,0.09183673469387756
t5_2qh3p,0.10204081632653061,0.11224489795918367,0.12244897959183673,0.19387755102040816,0.10204081632653061,0.08163265306122448,0.07142857142857142,0.0,0.12244897959183673,0.11224489795918367,0.10204081632653061,0.21428571428571427,0.2755102040816326,0.14285714285714285,0.12244897959183673,0.10204081632653061,0.12244897959183673,0.14285714285714285,0.11224489795918367,0.11224489795918367,0.10204081632653061,0.1836734693877551,0.11224489795918367,0.11224489795918367,0.08163265306122448,0.1836734693877551,0.21428571428571427,0.14285714285714285,0.19387755102040816,0.15306122448979592,0.11224489795918367,0.08163265306122448,0.1326530612244898,0.12244897959183673,0.1326530612244898,0.09183673469387756,0.1836734693877551,0.05102040816326531,0.12244897959183673,0.17346938775510204,0.17346938775510204,0.1326530612244898,0.15306122448979592,0.10204081632653061,0.10204081632653061,0.08163265306122448,0.1836734693877551,0.23469387755102042,0.061224489795918366,0.11224489795918367,0.07142857142857142,0.07142857142857142,0.10204081632653061,0.08163265306122448,0.10204081632653061,0.10204081632653061
t5_2qh4i,0.10204081632653061,0.11224489795918367,0.061224489795918366,0.15306122448979592,0.061224489795918366,0.10204081632653061,0.11224489795918367,0.12244897959183673,0.0,0.11224489795918367,0.10204081632653061,0.17346938775510204,0.19387755102040816,0.1836734693877551,0.10204081632653061,0.10204081632653061,0.12244897959183673,0.12244897959183673,0.11224489795918367,0.11224489795918367,0.10204081632653061,0.12244897959183673,0.09183673469387756,0.07142857142857142,0.061224489795918366,0.14285714285714285,0.15306122448979592,0.12244897959183673,0.17346938775510204,0.09183673469387756,0.1326530612244898,0.10204081632653061,0.07142857142857142,0.10204081632653061,0.07142857142857142,0.05102040816326531,0.14285714285714285,0.09183673469387756,0.10204081632653061,0.09183673469387756,0.11224489795918367,0.09183673469387756,0.11224489795918367,0.10204081632653061,0.10204081632653061,0.08163265306122448,0.10204081632653061,0.19387755102040816,0.10204081632653061,0.07142857142857142,0.09183673469387756,0.11224489795918367,0.10204081632653061,0.12244897959183673,0.061224489795918366,0.08163265306122448
t5_2qh6c,0.09183673469387756,0.12244897959183673,0.11224489795918367,0.1836734693877551,0.15306122448979592,0.15306122448979592,0.12244897959183673,0.11224489795918367,0.11224489795918367,0.0,0.09183673469387756,0.20408163265306123,0.22448979591836735,0.1326530612244898,0.09183673469387756,0.11224489795918367,0.09183673469387756,0.11224489795918367,0.12244897959183673,0.08163265306122448,0.11224489795918367,0.17346938775510204,0.12244897959183673,0.10204081632653061,0.09183673469387756,0.21428571428571427,0.22448979591836735,0.1326530612244898,0.1836734693877551,0.14285714285714285,0.12244897959183673,0.11224489795918367,0.08163265306122448,0.15306122448979592,0.10204081632653061,0.10204081632653061,0.19387755102040816,0.12244897959183673,0.09183673469387756,0.12244897959183673,0.14285714285714285,0.14285714285714285,0.1836734693877551,0.1326530612244898,0.07142857142857142,0.09183673469387756,0.17346938775510204,0.24489795918367346,0.09183673469387756,0.08163265306122448,0.10204081632653061,0.08163265306122448,0.11224489795918367,0.15306122448979592,0.07142857142857142,0.1326530612244898
t5_2qhds,0.08163265306122448,0.09183673469387756,0.10204081632653061,0.17346938775510204,0.10204081632653061,0.10204081632653061,0.11224489795918367,0.10204081632653061,0.10204081632653061,0.09183673469387756,0.0,0.17346938775510204,0.25510204081632654,0.10204081632653061,0.061224489795918366,0.08163265306122448,0.08163265306122448,0.061224489795918366,0.09183673469387756,0.07142857142857142,0.061224489795918366,0.10204081632653061,0.05102040816326531,0.05102040816326531,0.08163265306122448,0.16326530612244897,0.17346938775510204,0.10204081632653061,0.15306122448979592,0.1326530612244898,0.11224489795918367,0.08163265306122448,0.07142857142857142,0.08163265306122448,0.09183673469387756,0.11224489795918367,0.16326530612244897,0.05102040816326531,0.08163265306122448,0.11224489795918367,0.11224489795918367,0.11224489795918367,0.11224489795918367,0.12244897959183673,0.061224489795918366,0.061224489795918366,0.12244897959183673,0.19387755102040816,0.08163265306122448,0.07142857142857142,0.05102040816326531,0.07142857142857142,0.10204081632653061,0.10204081632653061,0.08163265306122448,0.08163265306122448
t5_2qhek,0.19387755102040816,0.12244897959183673,0.17346938775510204,0.14285714285714285,0.19387755102040816,0.17346938775510204,0.1836734693877551,0.21428571428571427,0.17346938775510204,0.20408163265306123,0.17346938775510204,0.0,0.12244897959183673,0.19387755102040816,0.17346938775510204,0.15306122448979592,0.19387755102040816,0.19387755102040816,0.12244897959183673,0.1836734693877551,0.19387755102040816,0.15306122448979592,0.14285714285714285,0.1836734693877551,0.15306122448979592,0.1326530612244898,0.12244897959183673,0.17346938775510204,0.10204081632653061,0.10204081632653061,0.22448979591836735,0.21428571428571427,0.16326530612244897,0.17346938775510204,0.1836734693877551,0.16326530612244897,0.17346938775510204,0.1836734693877551,0.19387755102040816,0.16326530612244897,0.16326530612244897,0.1836734693877551,0.16326530612244897,0.15306122448979592,0.19387755102040816,0.15306122448979592,0.11224489795918367,0.12244897959183673,0.17346938775510204,0.16326530612244897,0.1836734693877551,0.22448979591836735,0.17346938775510204,0.19387755102040816,0.15306122448979592,0.19387755102040816
t5_2qhff,0.25510204081632654,0.1836734693877551,0.17346938775510204,0.12244897959183673,0.25510204081632654,0.21428571428571427,0.22448979591836735,0.2755102040816326,0.19387755102040816,0.22448979591836735,0.25510204081632654,0.12244897959183673,0.0,0.21428571428571427,0.25510204081632654,0.21428571428571427,0.25510204081632654,0.23469387755102042,0.22448979591836735,0.24489795918367346,0.25510204081632654,0.19387755102040816,0.20408163265306123,0.22448979591836735,0.19387755102040816,0.1326530612244898,0.16326530612244897,0.19387755102040816,0.1836734693877551,0.12244897959183673,0.2653061224489796,0.25510204081632654,0.20408163265306123,0.21428571428571427,0.20408163265306123,0.1836734693877551,0.21428571428571427,0.24489795918367346,0.25510204081632654,0.22448979591836735,0.20408163265306123,0.1836734693877551,0.1836734693877551,0.19387755102040816,0.23469387755102042,0.21428571428571427,0.1326530612244898,0.10204081632653061,0.23469387755102042,0.22448979591836735,0.24489795918367346,0.2653061224489796,0.21428571428571427,0.25510204081632654,0.19387755102040816,0.19387755102040816
t5_2qho4,0.12244897959183673,0.11224489795918367,0.12244897959183673,0.19387755102040816,0.16326530612244897,0.12244897959183673,0.15306122448979592,0.14285714285714285,0.1836734693877551,0.1326530612244898,0.10204081632653061,0.19387755102040816,0.21428571428571427,0.0,0.12244897959183673,0.10204081632653061,0.16326530612244897,0.14285714285714285,0.11224489795918367,0.1326530612244898,0.12244897959183673,0.10204081632653061,0.09183673469387756,0.11224489795918367,0.12244897959183673,0.24489795918367346,0.1326530612244898,0.14285714285714285,0.17346938775510204,0.15306122448979592,0.17346938775510204,0.14285714285714285,0.1326530612244898,0.14285714285714285,0.1326530612244898,0.15306122448979592,0.12244897959183673,0.11224489795918367,0.16326530612244897,0.17346938775510204,0.15306122448979592,0.1326530612244898,0.15306122448979592,0.12244897959183673,0.10204081632653061,0.10204081632653061,0.14285714285714285,0.21428571428571427,0.10204081632653061,0.15306122448979592,0.11224489795918367,0.11224489795918367,0.10204081632653061,0.14285714285714285,0.12244897959183673,0.12244897959183673
t5_2qhvo,0.061224489795918366,0.1326530612244898,0.10204081632653061,0.15306122448979592,0.12244897959183673,0.10204081632653061,0.1326530612244898,0.12244897959183673,0.10204081632653061,0.09183673469387756,0.061224489795918366,0.17346938775510204,0.25510204081632654,0.12244897959183673,0.0,0.10204081632653061,0.10204081632653061,0.10204081632653061,0.07142857142857142,0.07142857142857142,0.061224489795918366,0.12244897959183673,0.07142857142857142,0.05102040816326531,0.08163265306122448,0.20408163265306123,0.15306122448979592,0.16326530612244897,0.15306122448979592,0.1326530612244898,0.11224489795918367,0.08163265306122448,0.07142857142857142,0.14285714285714285,0.07142857142857142,0.09183673469387756,0.14285714285714285,0.07142857142857142,0.08163265306122448,0.07142857142857142,0.11224489795918367,0.1326530612244898,0.15306122448979592,0.10204081632653061,0.04081632653061224,0.04081632653061224,0.16326530612244897,0.25510204081632654,0.08163265306122448,0.07142857142857142,0.05102040816326531,0.07142857142857142,0.08163265306122448,0.10204081632653061,0.061224489795918366,0.12244897959183673
t5_2qhw9,0.08163265306122448,0.05102040816326531,0.061224489795918366,0.1326530612244898,0.08163265306122448,0.08163265306122448,0.11224489795918367,0.10204081632653061,0.10204081632653061,0.11224489795918367,0.08163265306122448,0.15306122448979592,0.21428571428571427,0.10204081632653061,0.10204081632653061,0.0,0.10204081632653061,0.08163265306122448,0.09183673469387756,0.09183673469387756,0.10204081632653061,0.12244897959183673,0.07142857142857142,0.09183673469387756,0.08163265306122448,0.14285714285714285,0.15306122448979592,0.12244897959183673,0.1326530612244898,0.09183673469387756,0.1326530612244898,0.08163265306122448,0.05102040816326531,0.061224489795918366,0.07142857142857142,0.09183673469387756,0.16326530612244897,0.07142857142857142,0.10204081632653061,0.1326530612244898,0.11224489795918367,0.11224489795918367,0.11224489795918367,0.04081632653061224,0.10204081632653061,0.061224489795918366,0.10204081632653061,0.17346938775510204,0.04081632653061224,0.09183673469387756,0.07142857142857142,0.11224489795918367,0.061224489795918366,0.08163265306122448,0.08163265306122448,0.08163265306122448
t5_2qknd,0.12244897959183673,0.1326530612244898,0.10204081632653061,0.19387755102040816,0.12244897959183673,0.08163265306122448,0.11224489795918367,0.12244897959183673,0.12244897959183673,0.09183673469387756,0.08163265306122448,0.19387755102040816,0.25510204081632654,0.16326530612244897,0.10204081632653061,0.10204081632653061,0.0,0.08163265306122448,0.11224489795918367,0.09183673469387756,0.061224489795918366,0.12244897959183673,0.07142857142857142,0.11224489795918367,0.10204081632653061,0.1836734693877551,0.19387755102040816,0.14285714285714285,0.17346938775510204,0.17346938775510204,0.15306122448979592,0.061224489795918366,0.11224489795918367,0.14285714285714285,0.11224489795918367,0.1326530612244898,0.1836734693877551,0.09183673469387756,0.10204081632653061,0.1326530612244898,0.11224489795918367,0.17346938775510204,0.17346938775510204,0.12244897959183673,0.10204081632653061,0.10204081632653061,0.16326530612244897,0.25510204081632654,0.08163265306122448,0.09183673469387756,0.09183673469387756,0.11224489795918367,0.12244897959183673,0.12244897959183673,0.10204081632653061,0.14285714285714285
t5_2qky2,0.08163265306122448,0.09183673469387756,0.10204081632653061,0.17346938775510204,0.10204081632653061,0.10204081632653061,0.1326530612244898,0.14285714285714285,0.12244897959183673,0.11224489795918367,0.061224489795918366,0.19387755102040816,0.23469387755102042,0.14285714285714285,0.10204081632653061,0.08163265306122448,0.08163265306122448,0.0,0.1326530612244898,0.11224489795918367,0.10204081632653061,0.10204081632653061,0.07142857142857142,0.09183673469387756,0.12244897959183673,0.16326530612244897,0.17346938775510204,0.14285714285714285,0.15306122448979592,0.1326530612244898,0.1326530612244898,0.061224489795918366,0.09183673469387756,0.061224489795918366,0.07142857142857142,0.11224489795918367,0.1836734693877551,0.11224489795918367,0.12244897959183673,0.1326530612244898,0.11224489795918367,0.11224489795918367,0.11224489795918367,0.12244897959183673,0.08163265306122448,0.10204081632653061,0.14285714285714285,0.19387755102040816,0.10204081632653061,0.09183673469387756,0.07142857142857142,0.11224489795918367,0.14285714285714285,0.10204081632653061,0.10204081632653061,0.08163265306122448
t5_2qlk4,0.09183673469387756,0.12244897959183673,0.09183673469387756,0.14285714285714285,0.11224489795918367,0.09183673469387756,0.12244897959183673,0.11224489795918367,0.11224489795918367,0.12244897959183673,0.09183673469387756,0.12244897959183673,0.22448979591836735,0.11224489795918367,0.07142857142857142,0.09183673469387756,0.11224489795918367,0.1326530612244898,0.0,0.12244897959183673,0.07142857142857142,0.1326530612244898,0.061224489795918366,0.10204081632653061,0.05102040816326531,0.17346938775510204,0.16326530612244897,0.15306122448979592,0.16326530612244897,0.12244897959183673,0.16326530612244897,0.11224489795918367,0.10204081632653061,0.1326530612244898,0.10204081632653061,0.08163265306122448,0.1326530612244898,0.08163265306122448,0.1326530612244898,0.08163265306122448,0.10204081632653061,0.16326530612244897,0.16326530612244897,0.11224489795918367,0.09183673469387756,0.07142857142857142,0.15306122448979592,0.22448979591836735,0.09183673469387756,0.10204081632653061,0.08163265306122448,0.12244897959183673,0.07142857142857142,0.09183673469387756,0.07142857142857142,0.1326530612244898
t5_2qlxw,0.09183673469387756,0.12244897959183673,0.11224489795918367,0.20408163265306123,0.1326530612244898,0.09183673469387756,0.12244897959183673,0.11224489795918367,0.11224489795918367,0.08163265306122448,0.07142857142857142,0.1836734693877551,0.24489795918367346,0.1326530612244898,0.07142857142857142,0.09183673469387756,0.09183673469387756,0.11224489795918367,0.12244897959183673,0.0,0.09183673469387756,0.15306122448979592,0.10204081632653061,0.08163265306122448,0.09183673469387756,0.19387755102040816,0.16326530612244897,0.15306122448979592,0.16326530612244897,0.14285714285714285,0.12244897959183673,0.09183673469387756,0.061224489795918366,0.1326530612244898,0.10204081632653061,0.10204081632653061,0.15306122448979592,0.08163265306122448,0.07142857142857142,0.12244897959183673,0.14285714285714285,0.14285714285714285,0.16326530612244897,0.11224489795918367,0.07142857142857142,0.05102040816326531,0.1326530612244898,0.24489795918367346,0.07142857142857142,0.061224489795918366,0.061224489795918366,0.10204081632653061,0.11224489795918367,0.11224489795918367,0.09183673469387756,0.1326530612244898
t5_2qnkr,0.08163265306122448,0.1326530612244898,0.08163265306122448,0.17346938775510204,0.10204081632653061,0.061224489795918366,0.11224489795918367,0.10204081632653061,0.10204081632653061,0.11224489795918367,0.061224489795918366,0.19387755102040816,0.25510204081632654,0.12244897959183673,0.061224489795918366,0.10204081632653061,0.061224489795918366,0.10204081632653061,0.07142857142857142,0.09183673469387756,0.0,0.10204081632653061,0.05102040816326531,0.07142857142857142,0.061224489795918366,0.1836734693877551,0.17346938775510204,0.16326530612244897,0.17346938775510204,0.15306122448979592,0.1326530612244898,0.061224489795918366,0.09183673469387756,0.14285714285714285,0.09183673469387756,0.09183673469387756,0.14285714285714285,0.05102040816326531,0.061224489795918366,0.09183673469387756,0.11224489795918367,0.15306122448979592,0.15306122448979592,0.10204081632653061,0.061224489795918366,0.061224489795918366,0.16326530612244897,0.25510204081632654,0.08163265306122448,0.07142857142857142,0.05102040816326531,0.07142857142857142,0.08163265306122448,0.08163265306122448,0.08163265306122448,0.12244897959183673
t5_2qqbz,0.12244897959183673,0.11224489795918367,0.10204081632653061,0.15306122448979592,0.12244897959183673,0.12244897959183673,0.15306122448979592,0.1836734693877551,0.12244897959183673,0.17346938775510204,0.10204081632653061,0.15306122448979592,0.19387755102040816,0.10204081632653061,0.12244897959183673,0.12244897959183673,0.12244897959183673,0.10204081632653061,0.1326530612244898,0.15306122448979592,0.10204081632653061,0.0,0.07142857142857142,0.09183673469387756,0.12244897959183673,0.16326530612244897,0.07142857142857142,0.14285714285714285,0.15306122448979592,0.11224489795918367,0.21428571428571427,0.10204081632653061,0.1326530612244898,0.14285714285714285,0.11224489795918367,0.1326530612244898,0.12244897959183673,0.1326530612244898,0.16326530612244897,0.11224489795918367,0.1326530612244898,0.1326530612244898,0.09183673469387756,0.12244897959183673,0.12244897959183673,0.12244897959183673,0.12244897959183673,0.17346938775510204,0.12244897959183673,0.1326530612244898,0.11224489795918367,0.15306122448979592,0.14285714285714285,0.14285714285714285,0.12244897959183673,0.12244897959183673
t5_2qstm,0.09183673469387756,0.08163265306122448,0.05102040816326531,0.14285714285714285,0.09183673469387756,0.05102040816326531,0.12244897959183673,0.11224489795918367,0.09183673469387756,0.12244897959183673,0.05102040816326531,0.14285714285714285,0.20408163265306123,0.09183673469387756,0.07142857142857142,0.07142857142857142,0.07142857142857142,0.07142857142857142,0.061224489795918366,0.10204081632653061,0.05102040816326531,0.07142857142857142,0.0,0.08163265306122448,0.05102040816326531,0.17346938775510204,0.12244897959183673,0.11224489795918367,0.14285714285714285,0.10204081632653061,0.14285714285714285,0.07142857142857142,0.10204081632653061,0.09183673469387756,0.08163265306122448,0.08163265306122448,0.1326530612244898,0.061224489795918366,0.11224489795918367,0.10204081632653061,0.08163265306122448,0.10204081632653061,0.10204081632653061,0.09183673469387756,0.07142857142857142,0.05102040816326531,0.11224489795918367,0.20408163265306123,0.05102040816326531,0.08163265306122448,0.061224489795918366,0.10204081632653061,0.07142857142857142,0.09183673469387756,0.05102040816326531,0.07142857142857142
t5_2r05i,0.05102040816326531,0.10204081632653061,0.09183673469387756,0.16326530612244897,0.09183673469387756,0.11224489795918367,0.12244897959183673,0.11224489795918367,0.07142857142857142,0.10204081632653061,0.05102040816326531,0.1836734693877551,0.22448979591836735,0.11224489795918367,0.05102040816326531,0.09183673469387756,0.11224489795918367,0.09183673469387756,0.10204081632653061,0.08163265306122448,0.07142857142857142,0.09183673469387756,0.08163265306122448,0.0,0.09183673469387756,0.17346938775510204,0.14285714285714285,0.15306122448979592,0.16326530612244897,0.12244897959183673,0.12244897959183673,0.07142857142857142,0.061224489795918366,0.11224489795918367,0.061224489795918366,0.08163265306122448,0.1326530612244898,0.061224489795918366,0.09183673469387756,0.08163265306122448,0.14285714285714285,0.08163265306122448,0.12244897959183673,0.09183673469387756,0.05102040816326531,0.05102040816326531,0.11224489795918367,0.20408163265306123,0.09183673469387756,0.08163265306122448,0.061224489795918366,0.061224489795918366,0.11224489795918367,0.09183673469387756,0.07142857142857142,0.09183673469387756
t5_2r8c5,0.10204081632653061,0.09183673469387756,0.04081632653061224,0.1326530612244898,0.10204081632653061,0.061224489795918366,0.11224489795918367,0.08163265306122448,0.061224489795918366,0.09183673469387756,0.08163265306122448,0.15306122448979592,0.19387755102040816,0.12244897959183673,0.08163265306122448,0.08163265306122448,0.10204081632653061,0.12244897959183673,0.05102040816326531,0.09183673469387756,0.061224489795918366,0.12244897959183673,0.05102040816326531,0.09183673469387756,0.0,0.16326530612244897,0.15306122448979592,0.10204081632653061,0.15306122448979592,0.09183673469387756,0.11224489795918367,0.10204081632653061,0.07142857142857142,0.10204081632653061,0.09183673469387756,0.030612244897959183,0.12244897959183673,0.05102040816326531,0.08163265306122448,0.09183673469387756,0.09183673469387756,0.11224489795918367,0.11224489795918367,0.10204081632653061,0.08163265306122448,0.04081632653061224,0.12244897959183673,0.19387755102040816,0.061224489795918366,0.05102040816326531,0.05102040816326531,0.11224489795918367,0.04081632653061224,0.08163265306122448,0.04081632653061224,0.08163265306122448
t5_2rawz,0.1836734693877551,0.15306122448979592,0.16326530612244897,0.09183673469387756,0.14285714285714285,0.16326530612244897,0.1326530612244898,0.1836734693877551,0.14285714285714285,0.21428571428571427,0.16326530612244897,0.1326530612244898,0.1326530612244898,0.24489795918367346,0.20408163265306123,0.14285714285714285,0.1836734693877551,0.16326530612244897,0.17346938775510204,0.19387755102040816,0.1836734693877551,0.16326530612244897,0.17346938775510204,0.17346938775510204,0.16326530612244897,0.0,0.19387755102040816,0.16326530612244897,0.19387755102040816,0.1326530612244898,0.21428571428571427,0.16326530612244897,0.15306122448979592,0.14285714285714285,0.15306122448979592,0.15306122448979592,0.2653061224489796,0.17346938775510204,0.20408163265306123,0.19387755102040816,0.19387755102040816,0.19387755102040816,0.15306122448979592,0.16326530612244897,0.1836734693877551,0.1836734693877551,0.14285714285714285,0.09183673469387756,0.1836734693877551,0.15306122448979592,0.15306122448979592,0.19387755102040816,0.1836734693877551,0.1836734693877551,0.1836734693877551,0.16326530612244897
t5_2rbdu,0.17346938775510204,0.14285714285714285,0.1326530612244898,0.1836734693877551,0.17346938775510204,0.1326530612244898,0.20408163265306123,0.21428571428571427,0.15306122448979592,0.22448979591836735,0.17346938775510204,0.12244897959183673,0.16326530612244897,0.1326530612244898,0.15306122448979592,0.15306122448979592,0.19387755102040816,0.17346938775510204,0.16326530612244897,0.16326530612244897,0.17346938775510204,0.07142857142857142,0.12244897959183673,0.14285714285714285,0.15306122448979592,0.19387755102040816,0.0,0.17346938775510204,0.14285714285714285,0.10204081632653061,0.22448979591836735,0.17346938775510204,0.16326530612244897,0.17346938775510204,0.16326530612244897,0.14285714285714285,0.09183673469387756,0.16326530612244897,0.19387755102040816,0.14285714285714285,0.1836734693877551,0.12244897959183673,0.12244897959183673,0.1326530612244898,0.17346938775510204,0.1326530612244898,0.09183673469387756,0.1836734693877551,0.15306122448979592,0.16326530612244897,0.16326530612244897,0.20408163265306123,0.17346938775510204,0.17346938775510204,0.15306122448979592,0.15306122448979592
t5_2rff0,0.1836734693877551,0.11224489795918367,0.10204081632653061,0.15306122448979592,0.16326530612244897,0.14285714285714285,0.1326530612244898,0.14285714285714285,0.12244897959183673,0.1326530612244898,0.10204081632653061,0.17346938775510204,0.19387755102040816,0.14285714285714285,0.16326530612244897,0.12244897959183673,0.14285714285714285,0.14285714285714285,0.15306122448979592,0.15306122448979592,0.16326530612244897,0.14285714285714285,0.11224489795918367,0.15306122448979592,0.10204081632653061,0.16326530612244897,0.17346938775510204,0.0,0.15306122448979592,0.11224489795918367,0.1326530612244898,0.16326530612244897,0.1326530612244898,0.10204081632653061,0.15306122448979592,0.1326530612244898,0.1836734693877551,0.11224489795918367,0.14285714285714285,0.17346938775510204,0.15306122448979592,0.11224489795918367,0.09183673469387756,0.14285714285714285,0.14285714285714285,0.12244897959183673,0.12244897959183673,0.1326530612244898,0.12244897959183673,0.1326530612244898,0.1326530612244898,0.15306122448979592,0.14285714285714285,0.16326530612244897,0.10204081632653061,0.08163265306122448
t5_2rfq3,0.17346938775510204,0.14285714285714285,0.15306122448979592,0.14285714285714285,0.19387755102040816,0.15306122448979592,0.16326530612244897,0.19387755102040816,0.17346938775510204,0.1836734693877551,0.15306122448979592,0.10204081632653061,0.1836734693877551,0.17346938775510204,0.15306122448979592,0.1326530612244898,0.17346938775510204,0.15306122448979592,0.16326530612244897,0.16326530612244897,0.17346938775510204,0.15306122448979592,0.14285714285714285,0.16326530612244897,0.15306122448979592,0.19387755102040816,0.14285714285714285,0.15306122448979592,0.0,0.08163265306122448,0.12244897959183673,0.17346938775510204,0.12244897959183673,0.11224489795918367,0.14285714285714285,0.16326530612244897,0.15306122448979592,0.14285714285714285,0.1326530612244898,0.16326530612244897,0.12244897959183673,0.14285714285714285,0.12244897959183673,0.11224489795918367,0.17346938775510204,0.1326530612244898,0.09183673469387756,0.14285714285714285,0.15306122448979592,0.14285714285714285,0.16326530612244897,0.1836734693877551,0.1326530612244898,0.15306122448979592,0.1326530612244898,0.15306122448979592
t5_2rnve,0.1326530612244898,0.10204081632653061,0.09183673469387756,0.08163265306122448,0.15306122448979592,0.1326530612244898,0.12244897959183673,0.15306122448979592,0.09183673469387756,0.14285714285714285,0.1326530612244898,0.10204081632653061,0.12244897959183673,0.15306122448979592,0.1326530612244898,0.09183673469387756,0.17346938775510204,0.1326530612244898,0.12244897959183673,0.14285714285714285,0.15306122448979592,0.11224489795918367,0.10204081632653061,0.12244897959183673,0.09183673469387756,0.1326530612244898,0.10204081632653061,0.11224489795918367,0.08163265306122448,0.0,0.16326530612244897,0.1326530612244898,0.08163265306122448,0.09183673469387756,0.08163265306122448,0.08163265306122448,0.15306122448979592,0.12244897959183673,0.1326530612244898,0.12244897959183673,0.12244897959183673,0.10204081632653061,0.08163265306122448,0.07142857142857142,0.1326530612244898,0.09183673469387756,0.07142857142857142,0.12244897959183673,0.11224489795918367,0.12244897959183673,0.12244897959183673,0.16326530612244897,0.11224489795918367,0.1326530612244898,0.07142857142857142,0.09183673469387756
t5_2rsu8,0.1326530612244898,0.16326530612244897,0.11224489795918367,0.20408163265306123,0.15306122448979592,0.11224489795918367,0.12244897959183673,0.11224489795918367,0.1326530612244898,0.12244897959183673,0.11224489795918367,0.22448979591836735,0.2653061224489796,0.17346938775510204,0.11224489795918367,0.1326530612244898,0.15306122448979592,0.1326530612244898,0.16326530612244897,0.12244897959183673,0.1326530612244898,0.21428571428571427,0.14285714285714285,0.12244897959183673,0.11224489795918367,0.21428571428571427,0.22448979591836735,0.1326530612244898,0.12244897959183673,0.16326530612244897,0.0,0.1326530612244898,0.10204081632653061,0.09183673469387756,0.12244897959183673,0.10204081632653061,0.17346938775510204,0.08163265306122448,0.09183673469387756,0.16326530612244897,0.16326530612244897,0.10204081632653061,0.14285714285714285,0.1326530612244898,0.09183673469387756,0.09183673469387756,0.15306122448979592,0.22448979591836735,0.1326530612244898,0.08163265306122448,0.10204081632653061,0.08163265306122448,0.11224489795918367,0.11224489795918367,0.11224489795918367,0.09183673469387756
t5_2rwpt,0.061224489795918366,0.11224489795918367,0.08163265306122448,0.15306122448979592,0.08163265306122448,0.061224489795918366,0.07142857142857142,0.08163265306122448,0.10204081632653061,0.11224489795918367,0.08163265306122448,0.21428571428571427,0.25510204081632654,0.14285714285714285,0.08163265306122448,0.08163265306122448,0.061224489795918366,0.061224489795918366,0.11224489795918367,0.09183673469387756,0.061224489795918366,0.10204081632653061,0.07142857142857142,0.07142857142857142,0.10204081632653061,0.16326530612244897,0.17346938775510204,0.16326530612244897,0.17346938775510204,0.1326530612244898,0.1326530612244898,0.0,0.09183673469387756,0.10204081632653061,0.05102040816326531,0.09183673469387756,0.16326530612244897,0.07142857142857142,0.10204081632653061,0.11224489795918367,0.1326530612244898,0.11224489795918367,0.1326530612244898,0.08163265306122448,0.061224489795918366,0.08163265306122448,0.16326530612244897,0.23469387755102042,0.061224489795918366,0.09183673469387756,0.05102040816326531,0.07142857142857142,0.12244897959183673,0.061224489795918366,0.08163265306122448,0.08163265306122448
t5_2s3dh,0.07142857142857142,0.10204081632653061,0.07142857142857142,0.14285714285714285,0.11224489795918367,0.11224489795918367,0.12244897959183673,0.1326530612244898,0.07142857142857142,0.08163265306122448,0.07142857142857142,0.16326530612244897,0.20408163265306123,0.1326530612244898,0.07142857142857142,0.05102040816326531,0.11224489795918367,0.09183673469387756,0.10204081632653061,0.061224489795918366,0.09183673469387756,0.1326530612244898,0.10204081632653061,0.061224489795918366,0.07142857142857142,0.15306122448979592,0.16326530612244897,0.1326530612244898,0.12244897959183673,0.08163265306122448,0.10204081632653061,0.09183673469387756,0.0,0.07142857142857142,0.04081632653061224,0.061224489795918366,0.1326530612244898,0.08163265306122448,0.05102040816326531,0.08163265306122448,0.10204081632653061,0.10204081632653061,0.12244897959183673,0.07142857142857142,0.07142857142857142,0.05102040816326531,0.09183673469387756,0.1836734693877551,0.09183673469387756,0.04081632653061224,0.061224489795918366,0.10204081632653061,0.07142857142857142,0.09183673469387756,0.07142857142857142,0.09183673469387756
t5_2sdk8,0.12244897959183673,0.09183673469387756,0.08163265306122448,0.15306122448979592,0.10204081632653061,0.10204081632653061,0.11224489795918367,0.12244897959183673,0.10204081632653061,0.15306122448979592,0.08163265306122448,0.17346938775510204,0.21428571428571427,0.14285714285714285,0.14285714285714285,0.061224489795918366,0.14285714285714285,0.061224489795918366,0.1326530612244898,0.1326530612244898,0.14285714285714285,0.14285714285714285,0.09183673469387756,0.11224489795918367,0.10204081632653061,0.14285714285714285,0.17346938775510204,0.10204081632653061,0.11224489795918367,0.09183673469387756,0.09183673469387756,0.10204081632653061,0.07142857142857142,0.0,0.07142857142857142,0.09183673469387756,0.16326530612244897,0.09183673469387756,0.12244897959183673,0.15306122448979592,0.11224489795918367,0.07142857142857142,0.07142857142857142,0.10204081632653061,0.12244897959183673,0.10204081632653061,0.08163265306122448,0.1326530612244898,0.10204081632653061,0.09183673469387756,0.09183673469387756,0.1326530612244898,0.10204081632653061,0.10204081632653061,0.10204081632653061,0.04081632653061224
t5_2sokd,0.05102040816326531,0.12244897959183673,0.07142857142857142,0.12244897959183673,0.09183673469387756,0.09183673469387756,0.10204081632653061,0.1326530612244898,0.07142857142857142,0.10204081632653061,0.09183673469387756,0.1836734693877551,0.20408163265306123,0.1326530612244898,0.07142857142857142,0.07142857142857142,0.11224489795918367,0.07142857142857142,0.10204081632653061,0.10204081632653061,0.09183673469387756,0.11224489795918367,0.08163265306122448,0.061224489795918366,0.09183673469387756,0.15306122448979592,0.16326530612244897,0.15306122448979592,0.14285714285714285,0.08163265306122448,0.12244897959183673,0.05102040816326531,0.04081632653061224,0.07142857142857142,0.0,0.061224489795918366,0.15306122448979592,0.10204081632653061,0.09183673469387756,0.08163265306122448,0.10204081632653061,0.08163265306122448,0.12244897959183673,0.07142857142857142,0.05102040816326531,0.07142857142857142,0.11224489795918367,0.20408163265306123,0.09183673469387756,0.061224489795918366,0.061224489795918366,0.08163265306122448,0.09183673469387756,0.09183673469387756,0.05102040816326531,0.07142857142857142
t5_2sqqh,0.07142857142857142,0.10204081632653061,0.05102040816326531,0.14285714285714285,0.09183673469387756,0.07142857142857142,0.12244897959183673,0.09183673469387756,0.05102040816326531,0.10204081632653061,0.11224489795918367,0.16326530612244897,0.1836734693877551,0.15306122448979592,0.09183673469387756,0.09183673469387756,0.1326530612244898,0.11224489795918367,0.08163265306122448,0.10204081632653061,0.09183673469387756,0.1326530612244898,0.08163265306122448,0.08163265306122448,0.030612244897959183,0.15306122448979592,0.14285714285714285,0.1326530612244898,0.16326530612244897,0.08163265306122448,0.10204081632653061,0.09183673469387756,0.061224489795918366,0.09183673469387756,0.061224489795918366,0.0,0.11224489795918367,0.08163265306122448,0.09183673469387756,0.08163265306122448,0.12244897959183673,0.08163265306122448,0.12244897959183673,0.09183673469387756,0.07142857142857142,0.05102040816326531,0.11224489795918367,0.20408163265306123,0.09183673469387756,0.04081632653061224,0.061224489795918366,0.10204081632653061,0.07142857142857142,0.07142857142857142,0.05102040816326531,0.07142857142857142
t5_2te6p,0.14285714285714285,0.15306122448979592,0.12244897959183673,0.23469387755102042,0.16326530612244897,0.12244897959183673,0.21428571428571427,0.1836734693877551,0.14285714285714285,0.19387755102040816,0.16326530612244897,0.17346938775510204,0.21428571428571427,0.12244897959183673,0.14285714285714285,0.16326530612244897,0.1836734693877551,0.1836734693877551,0.1326530612244898,0.15306122448979592,0.14285714285714285,0.12244897959183673,0.1326530612244898,0.1326530612244898,0.12244897959183673,0.2653061224489796,0.09183673469387756,0.1836734693877551,0.15306122448979592,0.15306122448979592,0.17346938775510204,0.16326530612244897,0.1326530612244898,0.16326530612244897,0.15306122448979592,0.11224489795918367,0.0,0.1326530612244898,0.14285714285714285,0.09183673469387756,0.1326530612244898,0.1326530612244898,0.15306122448979592,0.14285714285714285,0.16326530612244897,0.12244897959183673,0.12244897959183673,0.23469387755102042,0.16326530612244897,0.1326530612244898,0.15306122448979592,0.17346938775510204,0.14285714285714285,0.10204081632653061,0.14285714285714285,0.14285714285714285
t5_2tny5,0.09183673469387756,0.10204081632653061,0.07142857142857142,0.16326530612244897,0.09183673469387756,0.05102040816326531,0.08163265306122448,0.05102040816326531,0.09183673469387756,0.12244897959183673,0.05102040816326531,0.1836734693877551,0.24489795918367346,0.11224489795918367,0.07142857142857142,0.07142857142857142,0.09183673469387756,0.11224489795918367,0.08163265306122448,0.08163265306122448,0.05102040816326531,0.1326530612244898,0.061224489795918366,0.061224489795918366,0.05102040816326531,0.17346938775510204,0.16326530612244897,0.11224489795918367,0.14285714285714285,0.12244897959183673,0.08163265306122448,0.07142857142857142,0.08163265306122448,0.09183673469387756,0.10204081632653061,0.08163265306122448,0.1326530612244898,0.0,0.07142857142857142,0.12244897959183673,0.12244897959183673,0.10204081632653061,0.10204081632653061,0.07142857142857142,0.07142857142857142,0.030612244897959183,0.1326530612244898,0.20408163265306123,0.05102040816326531,0.08163265306122448,0.04081632653061224,0.061224489795918366,0.07142857142857142,0.05102040816326531,0.07142857142857142,0.07142857142857142
t5_2v7zr,0.10204081632653061,0.1326530612244898,0.10204081632653061,0.19387755102040816,0.14285714285714285,0.10204081632653061,0.1326530612244898,0.12244897959183673,0.10204081632653061,0.09183673469387756,0.08163265306122448,0.19387755102040816,0.25510204081632654,0.16326530612244897,0.08163265306122448,0.10204081632653061,0.10204081632653061,0.12244897959183673,0.1326530612244898,0.07142857142857142,0.061224489795918366,0.16326530612244897,0.11224489795918367,0.09183673469387756,0.08163265306122448,0.20408163265306123,0.19387755102040816,0.14285714285714285,0.1326530612244898,0.1326530612244898,0.09183673469387756,0.10204081632653061,0.05102040816326531,0.12244897959183673,0.09183673469387756,0.09183673469387756,0.14285714285714285,0.07142857142857142,0.0,0.11224489795918367,0.1326530612244898,0.1326530612244898,0.15306122448979592,0.10204081632653061,0.08163265306122448,0.061224489795918366,0.14285714285714285,0.23469387755102042,0.10204081632653061,0.05102040816326531,0.07142857142857142,0.09183673469387756,0.10204081632653061,0.10204081632653061,0.08163265306122448,0.12244897959183673
t5_2vjre,0.07142857142857142,0.16326530612244897,0.09183673469387756,0.16326530612244897,0.11224489795918367,0.1326530612244898,0.1836734693877551,0.17346938775510204,0.09183673469387756,0.12244897959183673,0.11224489795918367,0.16326530612244897,0.22448979591836735,0.17346938775510204,0.07142857142857142,0.1326530612244898,0.1326530612244898,0.1326530612244898,0.08163265306122448,0.12244897959183673,0.09183673469387756,0.11224489795918367,0.10204081632653061,0.08163265306122448,0.09183673469387756,0.19387755102040816,0.14285714285714285,0.17346938775510204,0.16326530612244897,0.12244897959183673,0.16326530612244897,0.11224489795918367,0.08163265306122448,0.15306122448979592,0.08163265306122448,0.08163265306122448,0.09183673469387756,0.12244897959183673,0.11224489795918367,0.0,0.10204081632653061,0.14285714285714285,0.14285714285714285,0.11224489795918367,0.09183673469387756,0.09183673469387756,0.1326530612244898,0.24489795918367346,0.1326530612244898,0.08163265306122448,0.10204081632653061,0.12244897959183673,0.11224489795918367,0.09183673469387756,0.09183673469387756,0.1326530612244898
t5_2vq0w,0.1326530612244898,0.14285714285714285,0.09183673469387756,0.16326530612244897,0.11224489795918367,0.11224489795918367,0.14285714285714285,0.17346938775510204,0.11224489795918367,0.14285714285714285,0.11224489795918367,0.16326530612244897,0.20408163265306123,0.15306122448979592,0.11224489795918367,0.11224489795918367,0.11224489795918367,0.11224489795918367,0.10204081632653061,0.14285714285714285,0.11224489795918367,0.1326530612244898,0.08163265306122448,0.14285714285714285,0.09183673469387756,0.19387755102040816,0.1836734693877551,0.15306122448979592,0.12244897959183673,0.12244897959183673,0.16326530612244897,0.1326530612244898,0.10204081632653061,0.11224489795918367,0.10204081632653061,0.12244897959183673,0.1326530612244898,0.12244897959183673,0.1326530612244898,0.10204081632653061,0.0,0.14285714285714285,0.14285714285714285,0.1326530612244898,0.1326530612244898,0.11224489795918367,0.1326530612244898,0.22448979591836735,0.11224489795918367,0.10204081632653061,0.10204081632653061,0.16326530612244897,0.07142857142857142,0.11224489795918367,0.11224489795918367,0.11224489795918367
t5_2w2s8,0.11224489795918367,0.10204081632653061,0.07142857142857142,0.1836734693877551,0.11224489795918367,0.11224489795918367,0.12244897959183673,0.1326530612244898,0.09183673469387756,0.14285714285714285,0.11224489795918367,0.1836734693877551,0.1836734693877551,0.1326530612244898,0.1326530612244898,0.11224489795918367,0.17346938775510204,0.11224489795918367,0.16326530612244897,0.14285714285714285,0.15306122448979592,0.1326530612244898,0.10204081632653061,0.08163265306122448,0.11224489795918367,0.19387755102040816,0.12244897959183673,0.11224489795918367,0.14285714285714285,0.10204081632653061,0.10204081632653061,0.11224489795918367,0.10204081632653061,0.07142857142857142,0.08163265306122448,0.08163265306122448,0.1326530612244898,0.10204081632653061,0.1326530612244898,0.14285714285714285,0.14285714285714285,0.0,0.10204081632653061,0.11224489795918367,0.09183673469387756,0.09183673469387756,0.09183673469387756,0.1836734693877551,0.11224489795918367,0.10204081632653061,0.10204081632653061,0.10204081632653061,0.1326530612244898,0.11224489795918367,0.09183673469387756,0.030612244897959183
t5_2wcd0,0.15306122448979592,0.10204081632653061,0.09183673469387756,0.12244897959183673,0.1326530612244898,0.1326530612244898,0.14285714285714285,0.15306122448979592,0.11224489795918367,0.1836734693877551,0.11224489795918367,0.16326530612244897,0.1836734693877551,0.15306122448979592,0.15306122448979592,0.11224489795918367,0.17346938775510204,0.11224489795918367,0.16326530612244897,0.16326530612244897,0.15306122448979592,0.09183673469387756,0.10204081632653061,0.12244897959183673,0.11224489795918367,0.15306122448979592,0.12244897959183673,0.09183673469387756,0.12244897959183673,0.08163265306122448,0.14285714285714285,0.1326530612244898,0.12244897959183673,0.07142857142857142,0.12244897959183673,0.12244897959183673,0.15306122448979592,0.10204081632653061,0.15306122448979592,0.14285714285714285,0.14285714285714285,0.10204081632653061,0.0,0.11224489795918367,0.15306122448979592,0.11224489795918367,0.11224489795918367,0.10204081632653061,0.11224489795918367,0.14285714285714285,0.12244897959183673,0.16326530612244897,0.1326530612244898,0.1326530612244898,0.11224489795918367,0.07142857142857142
t5_2we2n,0.08163265306122448,0.09183673469387756,0.08163265306122448,0.1326530612244898,0.10204081632653061,0.08163265306122448,0.11224489795918367,0.10204081632653061,0.10204081632653061,0.1326530612244898,0.12244897959183673,0.15306122448979592,0.19387755102040816,0.12244897959183673,0.10204081632653061,0.04081632653061224,0.12244897959183673,0.12244897959183673,0.11224489795918367,0.11224489795918367,0.10204081632653061,0.12244897959183673,0.09183673469387756,0.09183673469387756,0.10204081632653061,0.16326530612244897,0.1326530612244898,0.14285714285714285,0.11224489795918367,0.07142857142857142,0.1326530612244898,0.08163265306122448,0.07142857142857142,0.10204081632653061,0.07142857142857142,0.09183673469387756,0.14285714285714285,0.07142857142857142,0.10204081632653061,0.11224489795918367,0.1326530612244898,0.11224489795918367,0.11224489795918367,0.0,0.10204081632653061,0.061224489795918366,0.10204081632653061,0.19387755102040816,0.061224489795918366,0.11224489795918367,0.09183673469387756,0.09183673469387756,0.08163265306122448,0.08163265306122448,0.08163265306122448,0.10204081632653061
t5_2xhvq,0.04081632653061224,0.1326530612244898,0.08163265306122448,0.17346938775510204,0.10204081632653061,0.08163265306122448,0.09183673469387756,0.10204081632653061,0.10204081632653061,0.07142857142857142,0.061224489795918366,0.19387755102040816,0.23469387755102042,0.10204081632653061,0.04081632653061224,0.10204081632653061,0.10204081632653061,0.08163265306122448,0.09183673469387756,0.07142857142857142,0.061224489795918366,0.12244897959183673,0.07142857142857142,0.05102040816326531,0.08163265306122448,0.1836734693877551,0.17346938775510204,0.14285714285714285,0.17346938775510204,0.1326530612244898,0.09183673469387756,0.061224489795918366,0.07142857142857142,0.12244897959183673,0.05102040816326531,0.07142857142857142,0.16326530612244897,0.07142857142857142,0.08163265306122448,0.09183673469387756,0.1326530612244898,0.09183673469387756,0.15306122448979592,0.10204081632653061,0.0,0.04081632653061224,0.16326530612244897,0.25510204081632654,0.08163265306122448,0.05102040816326531,0.030612244897959183,0.030612244897959183,0.10204081632653061,0.08163265306122448,0.061224489795918366,0.08163265306122448
t5_30jzq,0.061224489795918366,0.09183673469387756,0.061224489795918366,0.15306122448979592,0.10204081632653061,0.061224489795918366,0.11224489795918367,0.08163265306122448,0.08163265306122448,0.09183673469387756,0.061224489795918366,0.15306122448979592,0.21428571428571427,0.10204081632653061,0.04081632653061224,0.061224489795918366,0.10204081632653061,0.10204081632653061,0.07142857142857142,0.05102040816326531,0.061224489795918366,0.12244897959183673,0.05102040816326531,0.05102040816326531,0.04081632653061224,0.1836734693877551,0.1326530612244898,0.12244897959183673,0.1326530612244898,0.09183673469387756,0.09183673469387756,0.08163265306122448,0.05102040816326531,0.10204081632653061,0.07142857142857142,0.05102040816326531,0.12244897959183673,0.030612244897959183,0.061224489795918366,0.09183673469387756,0.11224489795918367,0.09183673469387756,0.11224489795918367,0.061224489795918366,0.04081632653061224,0.0,0.12244897959183673,0.21428571428571427,0.04081632653061224,0.05102040816326531,0.030612244897959183,0.07142857142857142,0.061224489795918366,0.061224489795918366,0.04081632653061224,0.08163265306122448
t5_3560n,0.16326530612244897,0.11224489795918367,0.10204081632653061,0.15306122448979592,0.14285714285714285,0.12244897959183673,0.17346938775510204,0.1836734693877551,0.10204081632653061,0.17346938775510204,0.12244897959183673,0.11224489795918367,0.1326530612244898,0.14285714285714285,0.16326530612244897,0.10204081632653061,0.16326530612244897,0.14285714285714285,0.15306122448979592,0.1326530612244898,0.16326530612244897,0.12244897959183673,0.11224489795918367,0.11224489795918367,0.12244897959183673,0.14285714285714285,0.09183673469387756,0.12244897959183673,0.09183673469387756,0.07142857142857142,0.15306122448979592,0.16326530612244897,0.09183673469387756,0.08163265306122448,0.11224489795918367,0.11224489795918367,0.12244897959183673,0.1326530612244898,0.14285714285714285,0.1326530612244898,0.1326530612244898,0.09183673469387756,0.11224489795918367,0.10204081632653061,0.16326530612244897,0.12244897959183673,0.0,0.1326530612244898,0.14285714285714285,0.11224489795918367,0.15306122448979592,0.17346938775510204,0.12244897959183673,0.16326530612244897,0.12244897959183673,0.10204081632653061
t5_38p8s,0.25510204081632654,0.14285714285714285,0.19387755102040816,0.10204081632653061,0.23469387755102042,0.23469387755102042,0.20408163265306123,0.23469387755102042,0.19387755102040816,0.24489795918367346,0.19387755102040816,0.12244897959183673,0.10204081632653061,0.21428571428571427,0.25510204081632654,0.17346938775510204,0.25510204081632654,0.19387755102040816,0.22448979591836735,0.24489795918367346,0.25510204081632654,0.17346938775510204,0.20408163265306123,0.20408163265306123,0.19387755102040816,0.09183673469387756,0.1836734693877551,0.1326530612244898,0.14285714285714285,0.12244897959183673,0.22448979591836735,0.23469387755102042,0.1836734693877551,0.1326530612244898,0.20408163265306123,0.20408163265306123,0.23469387755102042,0.20408163265306123,0.23469387755102042,0.24489795918367346,0.22448979591836735,0.1836734693877551,0.10204081632653061,0.19387755102040816,0.25510204081632654,0.21428571428571427,0.1326530612244898,0.0,0.21428571428571427,0.22448979591836735,0.22448979591836735,0.2653061224489796,0.21428571428571427,0.23469387755102042,0.19387755102040816,0.17346938775510204
t5_39us7,0.08163265306122448,0.07142857142857142,0.061224489795918366,0.15306122448979592,0.08163265306122448,0.061224489795918366,0.09183673469387756,0.061224489795918366,0.10204081632653061,0.09183673469387756,0.08163265306122448,0.17346938775510204,0.23469387755102042,0.10204081632653061,0.08163265306122448,0.04081632653061224,0.08163265306122448,0.10204081632653061,0.09183673469387756,0.07142857142857142,0.08163265306122448,0.12244897959183673,0.05102040816326531,0.09183673469387756,0.061224489795918366,0.1836734693877551,0.15306122448979592,0.12244897959183673,0.15306122448979592,0.11224489795918367,0.1326530612244898,0.061224489795918366,0.09183673469387756,0.10204081632653061,0.09183673469387756,0.09183673469387756,0.16326530612244897,0.05102040816326531,0.10204081632653061,0.1326530612244898,0.11224489795918367,0.11224489795918367,0.11224489795918367,0.061224489795918366,0.08163265306122448,0.04081632653061224,0.14285714285714285,0.21428571428571427,0.0,0.09183673469387756,0.05102040816326531,0.09183673469387756,0.061224489795918366,0.08163265306122448,0.061224489795918366,0.08163265306122448
t5_3a3ge,0.07142857142857142,0.12244897959183673,0.07142857142857142,0.1836734693877551,0.09183673469387756,0.07142857142857142,0.12244897959183673,0.11224489795918367,0.07142857142857142,0.08163265306122448,0.07142857142857142,0.16326530612244897,0.22448979591836735,0.15306122448979592,0.07142857142857142,0.09183673469387756,0.09183673469387756,0.09183673469387756,0.10204081632653061,0.061224489795918366,0.07142857142857142,0.1326530612244898,0.08163265306122448,0.08163265306122448,0.05102040816326531,0.15306122448979592,0.16326530612244897,0.1326530612244898,0.14285714285714285,0.12244897959183673,0.08163265306122448,0.09183673469387756,0.04081632653061224,0.09183673469387756,0.061224489795918366,0.04081632653061224,0.1326530612244898,0.08163265306122448,0.05102040816326531,0.08163265306122448,0.10204081632653061,0.10204081632653061,0.14285714285714285,0.11224489795918367,0.05102040816326531,0.05102040816326531,0.11224489795918367,0.22448979591836735,0.09183673469387756,0.0,0.04081632653061224,0.08163265306122448,0.07142857142857142,0.09183673469387756,0.07142857142857142,0.09183673469387756
t5_3cr3o,0.05102040816326531,0.10204081632653061,0.07142857142857142,0.16326530612244897,0.07142857142857142,0.05102040816326531,0.08163265306122448,0.07142857142857142,0.09183673469387756,0.10204081632653061,0.05102040816326531,0.1836734693877551,0.24489795918367346,0.11224489795918367,0.05102040816326531,0.07142857142857142,0.09183673469387756,0.07142857142857142,0.08163265306122448,0.061224489795918366,0.05102040816326531,0.11224489795918367,0.061224489795918366,0.061224489795918366,0.05102040816326531,0.15306122448979592,0.16326530612244897,0.1326530612244898,0.16326530612244897,0.12244897959183673,0.10204081632653061,0.05102040816326531,0.061224489795918366,0.09183673469387756,0.061224489795918366,0.061224489795918366,0.15306122448979592,0.04081632653061224,0.07142857142857142,0.10204081632653061,0.10204081632653061,0.10204081632653061,0.12244897959183673,0.09183673469387756,0.030612244897959183,0.030612244897959183,0.15306122448979592,0.22448979591836735,0.05102040816326531,0.04081632653061224,0.0,0.061224489795918366,0.07142857142857142,0.05102040816326531,0.07142857142857142,0.07142857142857142
t5_3d4x4,0.05102040816326531,0.14285714285714285,0.11224489795918367,0.20408163265306123,0.09183673469387756,0.09183673469387756,0.08163265306122448,0.07142857142857142,0.11224489795918367,0.08163265306122448,0.07142857142857142,0.22448979591836735,0.2653061224489796,0.11224489795918367,0.07142857142857142,0.11224489795918367,0.11224489795918367,0.11224489795918367,0.12244897959183673,0.10204081632653061,0.07142857142857142,0.15306122448979592,0.10204081632653061,0.061224489795918366,0.11224489795918367,0.19387755102040816,0.20408163265306123,0.15306122448979592,0.1836734693877551,0.16326530612244897,0.08163265306122448,0.07142857142857142,0.10204081632653061,0.1326530612244898,0.08163265306122448,0.10204081632653061,0.17346938775510204,0.061224489795918366,0.09183673469387756,0.12244897959183673,0.16326530612244897,0.10204081632653061,0.16326530612244897,0.09183673469387756,0.030612244897959183,0.07142857142857142,0.17346938775510204,0.2653061224489796,0.09183673469387756,0.08163265306122448,0.061224489795918366,0.0,0.11224489795918367,0.09183673469387756,0.09183673469387756,0.09183673469387756
t5_3h47q,0.10204081632653061,0.11224489795918367,0.061224489795918366,0.1326530612244898,0.10204081632653061,0.08163265306122448,0.1326530612244898,0.10204081632653061,0.10204081632653061,0.11224489795918367,0.10204081632653061,0.17346938775510204,0.21428571428571427,0.10204081632653061,0.08163265306122448,0.061224489795918366,0.12244897959183673,0.14285714285714285,0.07142857142857142,0.11224489795918367,0.08163265306122448,0.14285714285714285,0.07142857142857142,0.11224489795918367,0.04081632653061224,0.1836734693877551,0.17346938775510204,0.14285714285714285,0.1326530612244898,0.11224489795918367,0.11224489795918367,0.12244897959183673,0.07142857142857142,0.10204081632653061,0.09183673469387756,0.07142857142857142,0.14285714285714285,0.07142857142857142,0.10204081632653061,0.11224489795918367,0.07142857142857142,0.1326530612244898,0.1326530612244898,0.08163265306122448,0.10204081632653061,0.061224489795918366,0.12244897959183673,0.21428571428571427,0.061224489795918366,0.07142857142857142,0.07142857142857142,0.11224489795918367,0.0,0.10204081632653061,0.08163265306122448,0.10204081632653061
t5_3noa4,0.061224489795918366,0.11224489795918367,0.08163265306122448,0.17346938775510204,0.08163265306122448,0.061224489795918366,0.11224489795918367,0.08163265306122448,0.12244897959183673,0.15306122448979592,0.10204081632653061,0.19387755102040816,0.25510204081632654,0.14285714285714285,0.10204081632653061,0.08163265306122448,0.12244897959183673,0.10204081632653061,0.09183673469387756,0.11224489795918367,0.08163265306122448,0.14285714285714285,0.09183673469387756,0.09183673469387756,0.08163265306122448,0.1836734693877551,0.17346938775510204,0.16326530612244897,0.15306122448979592,0.1326530612244898,0.11224489795918367,0.061224489795918366,0.09183673469387756,0.10204081632653061,0.09183673469387756,0.07142857142857142,0.10204081632653061,0.05102040816326531,0.10204081632653061,0.09183673469387756,0.11224489795918367,0.11224489795918367,0.1326530612244898,0.08163265306122448,0.08163265306122448,0.061224489795918366,0.16326530612244897,0.23469387755102042,0.08163265306122448,0.09183673469387756,0.05102040816326531,0.09183673469387756,0.10204081632653061,0.0,0.10204081632653061,0.08163265306122448
t5_3onkg,0.08163265306122448,0.09183673469387756,0.061224489795918366,0.11224489795918367,0.12244897959183673,0.08163265306122448,0.11224489795918367,0.10204081632653061,0.061224489795918366,0.07142857142857142,0.08163265306122448,0.15306122448979592,0.19387755102040816,0.12244897959183673,0.061224489795918366,0.08163265306122448,0.10204081632653061,0.10204081632653061,0.07142857142857142,0.09183673469387756,0.08163265306122448,0.12244897959183673,0.05102040816326531,0.07142857142857142,0.04081632653061224,0.1836734693877551,0.15306122448979592,0.10204081632653061,0.1326530612244898,0.07142857142857142,0.11224489795918367,0.08163265306122448,0.07142857142857142,0.10204081632653061,0.05102040816326531,0.05102040816326531,0.14285714285714285,0.07142857142857142,0.08163265306122448,0.09183673469387756,0.11224489795918367,0.09183673469387756,0.11224489795918367,0.08163265306122448,0.061224489795918366,0.04081632653061224,0.12244897959183673,0.19387755102040816,0.061224489795918366,0.07142857142857142,0.07142857142857142,0.09183673469387756,0.08163265306122448,0.10204081632653061,0.0,0.08163265306122448
t5_hcycg,0.10204081632653061,0.09183673469387756,0.04081632653061224,0.15306122448979592,0.08163265306122448,0.08163265306122448,0.09183673469387756,0.10204081632653061,0.08163265306122448,0.1326530612244898,0.08163265306122448,0.19387755102040816,0.19387755102040816,0.12244897959183673,0.12244897959183673,0.08163265306122448,0.14285714285714285,0.08163265306122448,0.1326530612244898,0.1326530612244898,0.12244897959183673,0.12244897959183673,0.07142857142857142,0.09183673469387756,0.08163265306122448,0.16326530612244897,0.15306122448979592,0.08163265306122448,0.15306122448979592,0.09183673469387756,0.09183673469387756,0.08163265306122448,0.09183673469387756,0.04081632653061224,0.07142857142857142,0.07142857142857142,0.14285714285714285,0.07142857142857142,0.12244897959183673,0.1326530612244898,0.11224489795918367,0.030612244897959183,0.07142857142857142,0.10204081632653061,0.08163265306122448,0.08163265306122448,0.10204081632653061,0.17346938775510204,0.08163265306122448,0.09183673469387756,0.07142857142857142,0.09183673469387756,0.10204081632653061,0.08163265306122448,0.08163265306122448,0.0
