subreddit,in_cluster_sim_mean,in_cluster_sim_std,cross_cluster_sim_mean,cross_cluster_sim_std,contrastive_score_mean,contrastive_score_std,n_items
r/Volumeeating,0.3788,0.1176,0.2002,0.0874,0.1786,0.159,230
r/windows,0.3584,0.104,0.1891,0.1186,0.1694,0.1693,87
r/gundeals,0.3825,0.1547,0.2244,0.0965,0.1581,0.1414,60
r/firefox,0.3618,0.1169,0.219,0.1021,0.1429,0.1592,115
r/buildapc,0.3256,0.1078,0.1981,0.1092,0.1275,0.1676,1447
r/DebateAnAtheist,0.3862,0.1006,0.2611,0.0749,0.1251,0.1211,149
r/Advice,0.38,0.1074,0.2562,0.0745,0.1237,0.1115,67
r/personalfinance,0.3238,0.1042,0.2028,0.0979,0.121,0.1411,743
r/fasting,0.3421,0.0782,0.2273,0.0822,0.1148,0.1085,80
r/learnprogramming,0.3008,0.0942,0.1903,0.1038,0.1105,0.1194,161
r/phallo,0.3688,0.091,0.2603,0.0752,0.1086,0.0952,211
r/buildapcsales,0.3296,0.0835,0.2216,0.1047,0.1081,0.1184,143
r/cars,0.3458,0.0948,0.2395,0.0843,0.1063,0.1194,221
r/CompetitiveTFT,0.3281,0.0798,0.2262,0.0725,0.102,0.0884,212
r/UnearthedArcana,0.3073,0.088,0.2075,0.0982,0.0998,0.0927,73
r/LeftWingMaleAdvocates,0.3781,0.0904,0.2787,0.0652,0.0994,0.0872,202
r/Testosterone,0.3371,0.0723,0.2409,0.0859,0.0962,0.0817,72
r/diabetes,0.3399,0.0937,0.2449,0.0886,0.0951,0.1075,133
r/electricvehicles,0.3135,0.0827,0.2212,0.0985,0.0922,0.1197,160
r/Bible,0.346,0.087,0.254,0.0807,0.0921,0.1095,256
r/eurovision,0.34,0.0775,0.2502,0.0694,0.0898,0.0776,166
r/kansascity,0.3267,0.0889,0.2372,0.0788,0.0895,0.0771,141
r/books,0.37,0.0877,0.2827,0.0648,0.0873,0.0695,162
r/FinalFantasy,0.3474,0.0627,0.2608,0.067,0.0866,0.0649,102
r/mormon,0.3379,0.0947,0.2515,0.0763,0.0864,0.0986,1639
r/Christianity,0.3395,0.0903,0.2551,0.0757,0.0844,0.0824,5047
r/Minecraft,0.3075,0.0828,0.2238,0.0926,0.0837,0.0987,432
r/syriancivilwar,0.3226,0.1043,0.2395,0.0951,0.0831,0.0846,136
r/legaladvice,0.3299,0.084,0.2469,0.0884,0.083,0.0847,933
r/Norway,0.316,0.096,0.2339,0.0821,0.0821,0.082,157
r/doordash_drivers,0.2953,0.0936,0.2136,0.103,0.0817,0.0613,64
r/privacy,0.3307,0.0951,0.2492,0.0832,0.0814,0.0766,111
r/China,0.3285,0.0986,0.2477,0.0776,0.0808,0.101,1594
r/dune,0.3299,0.0803,0.2494,0.0783,0.0806,0.0783,183
r/vagabond,0.3232,0.0737,0.2428,0.0851,0.0805,0.0652,112
r/Fantasy,0.3305,0.0896,0.2506,0.0735,0.0798,0.0877,3768
r/doctorwho,0.3262,0.0768,0.2466,0.0716,0.0796,0.0845,1353
r/medicine,0.3207,0.0978,0.2417,0.0816,0.079,0.092,1142
r/Windows10,0.2948,0.0936,0.2165,0.106,0.0784,0.087,106
r/MMORPG,0.345,0.0803,0.2671,0.07,0.0779,0.0786,1260
r/LabourUK,0.2949,0.0863,0.2182,0.087,0.0767,0.0515,64
r/cycling,0.3056,0.079,0.2298,0.0946,0.0758,0.0658,129
r/LoveIslandTV,0.32,0.099,0.2445,0.0785,0.0755,0.0701,193
r/sex,0.3521,0.0851,0.2768,0.0678,0.0753,0.0652,1225
r/Screenwriting,0.3439,0.0769,0.2695,0.07,0.0744,0.0629,213
r/thesims,0.3643,0.0856,0.2899,0.0604,0.0744,0.053,297
r/Retconned,0.3565,0.0716,0.2823,0.068,0.0742,0.0388,63
r/MUAontheCheap,0.2913,0.0903,0.2176,0.0939,0.0736,0.0699,108
r/seduction,0.3517,0.0826,0.2787,0.0698,0.073,0.0535,149
r/AgeGap,0.3394,0.1019,0.2669,0.0851,0.0725,0.0493,111
r/OculusQuest2,0.3411,0.101,0.2696,0.0775,0.0715,0.0456,130
r/fuckcars,0.299,0.1023,0.2276,0.0999,0.0714,0.0654,125
r/projectzomboid,0.3164,0.0897,0.2458,0.0864,0.0706,0.072,247
r/sailormoon,0.3002,0.0853,0.2297,0.109,0.0705,0.066,87
r/Israel,0.3124,0.1132,0.2419,0.0812,0.0705,0.095,3607
r/LeopardsAteMyFace,0.3041,0.0774,0.2348,0.0738,0.0693,0.0477,71
r/AskTeenGirls,0.3249,0.0841,0.2565,0.072,0.0683,0.0393,87
r/Boise,0.3143,0.0739,0.2461,0.0737,0.0682,0.0573,223
r/jailbreak,0.3228,0.0803,0.2555,0.0876,0.0673,0.0542,172
r/MorbidPodcast,0.3426,0.078,0.2758,0.0653,0.0668,0.0454,595
r/ExperiencedDevs,0.3306,0.0847,0.2647,0.0716,0.0659,0.0351,95
r/DestinyLore,0.3065,0.0951,0.2407,0.0877,0.0658,0.0478,102
r/exjw,0.3376,0.0768,0.2725,0.0686,0.0651,0.0447,139
r/FireEmblemHeroes,0.3038,0.0897,0.2402,0.0883,0.0636,0.0486,87
r/UFOs,0.327,0.0802,0.2636,0.0774,0.0634,0.0567,2957
r/longbeach,0.3158,0.0885,0.2527,0.0762,0.0631,0.0382,111
r/Sims4,0.3019,0.0791,0.239,0.0808,0.0629,0.032,72
r/weedstocks,0.308,0.0995,0.2457,0.0867,0.0623,0.0397,86
r/ANormalDayInRussia,0.3071,0.0844,0.2449,0.0848,0.0622,0.0362,84
r/bettafish,0.3085,0.088,0.2469,0.0842,0.0616,0.0493,127
r/StardustCrusaders,0.276,0.0843,0.2152,0.0932,0.0608,0.0603,208
r/truerateme,0.2977,0.1003,0.2371,0.092,0.0606,0.0517,208
r/BleachBraveSouls,0.334,0.0869,0.2743,0.0753,0.0597,0.0278,102
r/gachagaming,0.3174,0.0781,0.2598,0.0683,0.0575,0.0341,95
r/ClashOfClansRecruit,0.29,0.1049,0.2326,0.0885,0.0574,0.0556,170
r/AskFeminists,0.3147,0.0911,0.2579,0.0788,0.0568,0.0427,147
r/danganronpa,0.2879,0.1099,0.2316,0.1047,0.0564,0.044,228
r/rpg,0.3199,0.0805,0.2644,0.0735,0.0555,0.0402,1194
r/Dallas,0.302,0.0814,0.2465,0.0813,0.0555,0.0456,1932
r/IndiaSpeaks,0.2928,0.0975,0.2376,0.0847,0.0552,0.0533,488
r/collapse,0.3094,0.0851,0.2548,0.0781,0.0546,0.0442,7270
r/LegendsOfRuneterra,0.3113,0.1026,0.2572,0.0848,0.0541,0.0386,218
r/texas,0.3145,0.0995,0.2608,0.0809,0.0537,0.0463,5549
r/Paladins,0.3075,0.0991,0.2542,0.0851,0.0532,0.0415,324
r/AskTrumpSupporters,0.2955,0.1059,0.2424,0.0887,0.053,0.0484,536
r/pelotoncycle,0.3,0.0894,0.249,0.082,0.051,0.0278,260
r/FFVIIRemake,0.3045,0.1062,0.2539,0.0944,0.0506,0.029,233
r/skyrimmods,0.2917,0.0871,0.2416,0.0817,0.0501,0.034,253
r/AmItheAsshole,0.2983,0.1102,0.2489,0.0869,0.0494,0.0485,23726
r/sto,0.2947,0.1009,0.2456,0.093,0.049,0.0291,253
r/raidsecrets,0.3053,0.1028,0.2572,0.0869,0.0482,0.027,328
r/ShingekiNoKyojin,0.2926,0.0995,0.2456,0.0855,0.047,0.0377,785
r/povertyfinance,0.2982,0.1018,0.2528,0.0862,0.0454,0.0344,1385
r/changemyview,0.3009,0.1103,0.2556,0.0882,0.0452,0.0382,15907
r/WaltDisneyWorld,0.2806,0.1014,0.2362,0.0952,0.0444,0.0231,349
r/liberalgunowners,0.29,0.1141,0.2461,0.0951,0.0439,0.0346,759
r/NintendoSwitch,0.2869,0.1009,0.2438,0.088,0.0431,0.035,3921
r/RPClipsGTA,0.2978,0.0997,0.2552,0.0848,0.0427,0.0252,1146
r/DestinyTheGame,0.2916,0.1023,0.2491,0.0881,0.0425,0.0291,3885
r/explainlikeimfive,0.2852,0.1004,0.243,0.089,0.0421,0.0302,2108